Code,Year,Est
AFG,2012,621.745
AFG,2013,636.3249999999999
AFG,2014,664.814
AFG,2015,692.996
AFG,2016,723.484
AFG,2017,751.474
AFG,2018,773.043
AGO,2012,5873.316000000001
AGO,2013,6033.179
AGO,2014,6292.397
AGO,2015,6552.606000000001
AGO,2016,6832.554
AGO,2017,6883.018
AGO,2018,7227.786999999999
ALB,2012,3912.806
ALB,2013,4108.395
ALB,2014,4239.7210000000005
ALB,2015,4377.027
ALB,2016,4529.898
ALB,2017,4696.176
ALB,2018,4871.896000000001
ARE,2012,64840.282999999996
ARE,2013,64779.94
ARE,2014,64968.307
ARE,2015,65256.450000000004
ARE,2016,65988.41799999999
ARE,2017,67028.07900000001
ARE,2018,68385.26699999999
ARG,2012,11576.212000000001
ARG,2013,12019.176
ARG,2014,12229.055999999999
ARG,2015,12349.692000000001
ARG,2016,12626.108
ARG,2017,12906.342
ARG,2018,13240.7
ARM,2012,2990.8830000000003
ARM,2013,3037.467
ARM,2014,2996.4500000000003
ARM,2015,3054.04
ARM,2016,3216.387
ARM,2017,3419.443
ARM,2018,3669.5
ATG,2012,13428.640000000001
ATG,2013,14056.904999999999
ATG,2014,14931.561
ATG,2015,15886.193000000001
ATG,2016,16924.514
ATG,2017,17988.315
ATG,2018,19066.658999999996
AUS,2012,67722.59199999999
AUS,2013,68939.332
AUS,2014,69674.21299999999
AUS,2015,70604.729
AUS,2016,71836.53199999999
AUS,2017,73189.193
AUS,2018,74635.056
AUT,2013,49844.19699999999
AUT,2014,50921.404
AUT,2015,52050.168
AUT,2016,53144.994
AUT,2017,54260.57
AUT,2018,55355.719
AZE,2012,7450.237999999999
AZE,2013,8296.962
AZE,2014,9452.153
AZE,2015,10544.522
AZE,2016,11504.31
AZE,2017,12463.945
AZE,2018,13616.686
BDI,2012,282.094
BDI,2013,288.452
BDI,2014,314.239
BDI,2015,339.883
BDI,2016,365.58799999999997
BDI,2017,410.763
BDI,2018,457.42199999999997
BEL,2013,45687.074
BEL,2014,46197.419
BEL,2015,46681.853
BEL,2016,47170.186
BEL,2017,47719.896
BEL,2018,48291.434
BEN,2012,794.433
BEN,2013,858.268
BEN,2014,889.9369999999999
BEN,2015,926.082
BEN,2016,964.602
BEN,2017,1004.9639999999999
BEN,2018,1048.961
BFA,2012,602.804
BFA,2013,673.3439999999999
BFA,2014,713.558
BFA,2015,755.752
BFA,2016,799.3059999999999
BFA,2017,844.8299999999999
BFA,2018,892.124
BGD,2012,817.9499999999999
BGD,2013,891.2130000000001
BGD,2014,954.744
BGD,2015,1025.1919999999998
BGD,2016,1103.547
BGD,2017,1189.23
BGD,2018,1283.8439999999998
BGR,2013,7581.5
BGR,2014,7880.713
BGR,2015,8283.611
BGR,2016,8745.207
BGR,2017,9255.678
BGR,2018,9795.947
BHR,2012,23476.527000000002
BHR,2013,23930.485000000004
BHR,2014,24018.238999999998
BHR,2015,24313.053
BHR,2016,24746.532
BHR,2017,25280.211
BHR,2018,25865.158999999996
BHS,2012,22832.912
BHS,2013,23485.148
BHS,2014,24306.273
BHS,2015,25165.440000000002
BHS,2016,26045.401
BHS,2017,26955.687
BHS,2018,27898.248000000003
BIH,2012,4461.167
BIH,2013,4865.572
BIH,2014,5090.89
BIH,2015,5380.371
BIH,2016,5735.689
BIH,2017,6098.539
BIH,2018,6478.184
BLR,2012,6739.428
BLR,2013,7806.860000000001
BLR,2014,8492.709
BLR,2015,8834.246000000001
BLR,2016,9233.669
BLR,2017,9662.371
BLR,2018,10083.164999999999
BLZ,2013,4619.906999999999
BLZ,2014,4724.072
BLZ,2015,4835.344
BLZ,2016,4954.109
BLZ,2017,5073.296
BLZ,2018,5213.237999999999
BOL,2012,2532.483
BOL,2013,2674.1110000000003
BOL,2014,2838.678
BOL,2015,3028.8940000000002
BOL,2016,3230.056
BOL,2017,3447.639
BOL,2018,3659.868
BRA,2012,12078.834
BRA,2013,12290.635
BRA,2014,13027.321
BRA,2015,13794.39
BRA,2016,14630.622000000001
BRA,2017,15514.47
BRA,2018,16386.601
BRB,2012,16151.7
BRB,2013,16804.213
BRB,2014,17516.610999999997
BRB,2015,18311.628999999997
BRB,2016,19179.262000000002
BRB,2017,20126.268000000004
BRB,2018,21160.186
BRN,2012,41702.678
BRN,2013,40647.417
BRN,2014,40973.259
BRN,2015,41873.149
BRN,2016,43774.9
BRN,2017,43236.684
BRN,2018,43537.469
BTN,2012,2954.328
BTN,2013,2978.6
BTN,2014,3454.4330000000004
BTN,2015,3890.203
BTN,2016,4618.189
BTN,2017,5288.91
BTN,2018,6068.476
BWA,2012,9398.132000000001
BWA,2013,9624.293000000001
BWA,2014,9980.34
BWA,2015,10386.442000000001
BWA,2016,10834.394
BWA,2017,11301.571
BWA,2018,11788.893
CAF,2012,446.686
CAF,2013,478.59499999999997
CAF,2014,504.467
CAF,2015,527.747
CAF,2016,552.3069999999999
CAF,2017,576.4559999999999
CAF,2018,603.661
CAN,2013,52364.35600000001
CAN,2014,53462.774
CAN,2015,54866.181
CAN,2016,56335.833
CAN,2017,57862.26099999999
CAN,2018,59325.784
CHE,2012,79033.026
CHE,2013,80472.957
CHE,2014,81283.54299999999
CHE,2015,82085.409
CHE,2016,82977.45199999999
CHE,2017,84003.606
CHE,2018,85126.73
CHL,2012,15410.116
CHL,2013,16273.038
CHL,2014,17251.518
CHL,2015,18467.771
CHL,2016,19789.216
CHL,2017,21146.940000000002
CHL,2018,22606.618
CHN,2013,6628.860000000001
CHN,2014,7277.362000000001
CHN,2015,8018.656000000001
CHN,2016,8828.279
CHN,2017,9724.674
CHN,2018,10711.395999999999
CIV,2012,1053.914
CIV,2013,1177.409
CIV,2014,1255.041
CIV,2015,1338.749
CIV,2016,1419.8519999999999
CIV,2017,1502.599
CIV,2018,1580.3709999999999
CMR,2012,1165.328
CMR,2013,1275.596
CMR,2014,1330.6499999999999
CMR,2015,1391.04
CMR,2016,1453.473
CMR,2017,1519.349
CMR,2018,1587.286
COD,2012,236.83800000000002
COD,2013,251.35000000000002
COD,2014,262.085
COD,2015,274.29499999999996
COD,2016,288.057
COD,2017,302.007
COD,2018,312.524
COG,2012,3346.001
COG,2013,3546.3710000000005
COG,2014,3543.547
COG,2015,3998.545
COG,2016,3980.181
COG,2017,4513.215
COG,2018,4615.387
COL,2012,7854.836
COL,2013,8237.727
COL,2014,8630.336
COL,2015,9038.333
COL,2016,9486.324
COL,2017,9969.819
COL,2018,10513.565999999999
COM,2012,865.143
COM,2013,924.7940000000001
COM,2014,966.134
COM,2015,1007.838
COM,2016,1052.335
COM,2017,1098.5539999999999
COM,2018,1148.1739999999998
CPV,2012,3603.9100000000003
CPV,2013,3946.1710000000003
CPV,2014,4170.108
CPV,2015,4408.277999999999
CPV,2016,4667.426
CPV,2017,4944.028
CPV,2018,5237.885
CRI,2012,9672.908
CRI,2013,10362.613000000001
CRI,2014,11248.12
CRI,2015,12207.4
CRI,2016,13171.181
CRI,2017,14133.833
CRI,2018,15169.288
CYP,2013,NA
CYP,2014,NA
CYP,2015,NA
CYP,2016,NA
CYP,2017,NA
CYP,2018,NA
CZE,2012,18579.310999999998
CZE,2013,19243.053
CZE,2014,19500.698
CZE,2015,20020.14
CZE,2016,20569.332
CZE,2017,20989.386000000002
CZE,2018,21443.556
DEU,2013,44010.366
DEU,2014,44870.350000000006
DEU,2015,45813.556000000004
DEU,2016,46823.702
DEU,2017,47847.333
DEU,2018,48903.012
DJI,2012,1522.9450000000002
DJI,2013,1593.8719999999998
DJI,2014,1668.0729999999999
DJI,2015,1754.5739999999998
DJI,2016,1851.045
DJI,2017,1952.812
DJI,2018,2059.908
DMA,2012,7022.036
DMA,2013,7306.416
DMA,2014,7534.6630000000005
DMA,2015,7790.4039999999995
DMA,2016,8084.852000000001
DMA,2017,8412.446
DMA,2018,8671.414999999999
DNK,2012,56202.22299999999
DNK,2013,58668.005
DNK,2014,59166.48
DNK,2015,59870.147
DNK,2016,60908.398
DNK,2017,60826.755
DNK,2018,60745.4
DOM,2012,5762.982
DOM,2013,5789.406
DOM,2014,5556.4039999999995
DOM,2015,5814.541
DOM,2016,5997.374
DOM,2017,6182.737999999999
DOM,2018,6377.842000000001
DZA,2012,5693.9839999999995
DZA,2013,5683.1630000000005
DZA,2014,5644.137
DZA,2015,5614.63
DZA,2016,5670.151000000001
DZA,2017,5736.079
DZA,2018,5975.677
ECU,2012,5310.629000000001
ECU,2013,5627.1140000000005
ECU,2014,5949.886
ECU,2015,6233.775
ECU,2016,6524.554
ECU,2017,6843.325000000001
ECU,2018,7167.963
EGY,2012,3111.8710000000005
EGY,2013,3145.584
EGY,2014,3131.236
EGY,2015,3263.3570000000004
EGY,2016,3495.217
EGY,2017,3752.44
EGY,2018,4003.4120000000003
ERI,2012,546.3159999999999
ERI,2013,602.438
ERI,2014,656.069
ERI,2015,711.0649999999999
ERI,2016,775.1830000000001
ERI,2017,832.7760000000001
ERI,2018,894.217
ESP,2013,30107.698
ESP,2014,30514.825
ESP,2015,31176.043
ESP,2016,31874.577
ESP,2017,32639.578999999998
ESP,2018,33451.962
EST,2013,18026.795000000002
EST,2014,18982.536
EST,2015,19891.337
EST,2016,20881.283000000003
EST,2017,21950.974000000002
EST,2018,23110.589
ETH,2012,482.967
ETH,2013,521.171
ETH,2014,546.429
ETH,2015,585.124
ETH,2016,623.394
ETH,2017,661.2700000000001
ETH,2018,702.824
FIN,2012,46098.328
FIN,2013,48706.778
FIN,2014,49861.811
FIN,2015,51111.293999999994
FIN,2016,52607.437
FIN,2017,54168.369
FIN,2018,55779.616
FJI,2012,4445.162000000001
FJI,2013,4599.553
FJI,2014,4756.636
FJI,2015,4898.317
FJI,2016,5044.215
FJI,2017,5195.359
FJI,2018,5351.965
FRA,2012,41140.708999999995
FRA,2013,42999.973
FRA,2014,43581.516
FRA,2015,44387.049
FRA,2016,45350.074
FRA,2017,46443.871
FRA,2018,47636.435
FSM,2012,3185.087
FSM,2013,3307.0750000000003
FSM,2014,3412.637
FSM,2015,3500.42
FSM,2016,3570.137
FSM,2017,3639.3010000000004
FSM,2018,3705.996
GAB,2012,11928.744000000002
GAB,2013,12349.663
GAB,2014,12692.695
GAB,2015,13066.163
GAB,2016,13607.973
GAB,2017,14353.256
GAB,2018,14386.328
GBR,2012,38588.808000000005
GBR,2013,38001.69099999999
GBR,2014,38957.793999999994
GBR,2015,40312.863
GBR,2016,41769.753
GBR,2017,43331.024999999994
GBR,2018,45146.7
GEO,2012,3542.8770000000004
GEO,2013,3762.5350000000003
GEO,2014,3945.9500000000003
GEO,2015,4189.046
GEO,2016,4561.298
GEO,2017,4995.999
GEO,2018,5462.965
GHA,2012,1562.222
GHA,2013,1670.9850000000001
GHA,2014,1803.5829999999999
GHA,2015,1964.285
GHA,2016,2117.965
GHA,2017,2274.076
GHA,2018,2432.6679999999997
GIN,2012,518.885
GIN,2013,563.8509999999999
GIN,2014,556.6740000000001
GIN,2015,581.572
GIN,2016,614.6030000000001
GIN,2017,711.9619999999999
GIN,2018,817.009
GMB,2012,502.964
GMB,2013,531.5780000000001
GMB,2014,566.1800000000001
GMB,2015,590.9509999999999
GMB,2016,615.665
GMB,2017,643.8399999999999
GMB,2018,674.599
GNB,2012,551.086
GNB,2013,582.692
GNB,2014,628.8199999999999
GNB,2015,646.636
GNB,2016,671.2669999999999
GNB,2017,702.018
GNB,2018,734.1780000000001
GNQ,2012,23133.071
GNQ,2013,21766.844
GNQ,2014,20527.409
GNQ,2015,18098.567000000003
GNQ,2016,18086.462000000003
GNQ,2017,16798.144
GNQ,2018,15385.279
GRC,2012,22055.361
GRC,2013,21645.474000000002
GRC,2014,21562.153
GRC,2015,22158.383
GRC,2016,23083.765000000003
GRC,2017,24063.242000000002
GRC,2018,25067.308
GRD,2012,7496.458
GRD,2013,7784.820000000001
GRD,2014,8123.54
GRD,2015,8516.407
GRD,2016,8963.427
GRD,2017,9460.776
GRD,2018,9995.049
GTM,2012,3302.251
GTM,2013,3414.637
GTM,2014,3532.269
GTM,2015,3645.46
GTM,2016,3764.172
GTM,2017,3894.0310000000004
GTM,2018,4021.01
GUY,2012,3596.4330000000004
GUY,2013,3871.675
GUY,2014,4184.839
GUY,2015,4537.499
GUY,2016,4799.1
GUY,2017,5052.506
GUY,2018,5324.646000000001
HKG,2012,36667.144
HKG,2013,38797.475
HKG,2014,41727.69499999999
HKG,2015,44820.632999999994
HKG,2016,48211.274
HKG,2017,51872.657
HKG,2018,55616.66099999999
HND,2012,2242.229
HND,2013,2272.482
HND,2014,2306.563
HND,2015,2339.3070000000002
HND,2016,2359.996
HND,2017,2362.085
HND,2018,2369.956
HRV,2012,12971.754
HRV,2013,13654.967999999999
HRV,2014,14148.775
HRV,2015,14760.955999999998
HRV,2016,15391.729000000001
HRV,2017,16132.775
HRV,2018,16909.5
HTI,2012,758.8489999999999
HTI,2013,827.425
HTI,2014,883.764
HTI,2015,956.989
HTI,2016,1030.609
HTI,2017,1104.1799999999998
HTI,2018,1179.397
HUN,2012,12735.725
HUN,2013,13344.158
HUN,2014,13965.922
HUN,2015,14542.062
HUN,2016,15148.617
HUN,2017,15798.525
HUN,2018,16468.45
IDN,2012,3592.285
IDN,2013,3816.802
IDN,2014,4105.09
IDN,2015,4429.6990000000005
IDN,2016,4762.927
IDN,2017,5136.062000000001
IDN,2018,5569.166000000001
IND,2012,1491.888
IND,2013,1591.951
IND,2014,1695.3
IND,2015,1814.3639999999998
IND,2016,1947.726
IND,2017,2095.0950000000003
IND,2018,2249.2859999999996
IRL,2012,45888.272999999994
IRL,2013,48229.731999999996
IRL,2014,49295.415
IRL,2015,50766.79299999999
IRL,2016,52119.688
IRL,2017,53557.431
IRL,2018,55029.55
IRN,2012,7211.196000000001
IRN,2013,5567.64
IRN,2014,4639.441
IRN,2015,4908.036999999999
IRN,2016,5271.684
IRN,2017,5708.285
IRN,2018,6175.794
IRQ,2012,6305.082
IRQ,2013,6708.386
IRQ,2014,7073.585
IRQ,2015,7466.125000000001
IRQ,2016,7997.9439999999995
IRQ,2017,8559.804999999998
IRQ,2018,9184.557999999999
ISL,2012,41739.162
ISL,2013,44120.784
ISL,2014,46322.552
ISL,2015,47614.998
ISL,2016,48991.443
ISL,2017,51265.258
ISL,2018,53649.384000000005
ISR,2013,32247.805
ISR,2014,33372.758
ISR,2015,34392.957
ISR,2016,35481.008
ISR,2017,36594.214
ISR,2018,37877.598
ITA,2013,34034.385
ITA,2014,34291.118
ITA,2015,34829.313
ITA,2016,35472.121999999996
ITA,2017,36183.916000000005
ITA,2018,36847.953
JAM,2012,5540.668000000001
JAM,2013,5600.889
JAM,2014,5909.610000000001
JAM,2015,6231.412
JAM,2016,6554.572999999999
JAM,2017,6882.867
JAM,2018,7207.847
JOR,2012,4878.781
JOR,2013,5207.311000000001
JOR,2014,5478.567
JOR,2015,5747.323
JOR,2016,6024.529
JOR,2017,6309.4039999999995
JOR,2018,6598.895
JPN,2013,40441.752
JPN,2014,41596.466
JPN,2015,42757.108
JPN,2016,43978.674
JPN,2017,45590.073
JPN,2018,47280.654
KAZ,2013,12708.168
KAZ,2014,13610.837
KAZ,2015,14856.099
KAZ,2016,16165.438
KAZ,2017,17739.121
KAZ,2018,19486.349
KEN,2012,976.549
KEN,2013,1072.8519999999999
KEN,2014,1171.204
KEN,2015,1268.48
KEN,2016,1357.026
KEN,2017,1481.577
KEN,2018,1579.516
KGZ,2012,1158.469
KGZ,2013,1281.828
KGZ,2014,1410.6879999999999
KGZ,2015,1513.8029999999999
KGZ,2016,1609.046
KGZ,2017,1716.549
KGZ,2018,1835.1989999999998
KHM,2012,933.609
KHM,2013,1017.22
KHM,2014,1111.004
KHM,2015,1214.6729999999998
KHM,2016,1327.856
KHM,2017,1452.984
KHM,2018,1582.719
KIR,2012,1645.9460000000001
KIR,2013,1711.5639999999999
KIR,2014,1717.496
KIR,2015,1723.764
KIR,2016,1733.959
KIR,2017,1743.9260000000002
KIR,2018,1753.9470000000001
KNA,2012,12803.517
KNA,2013,13118.240000000002
KNA,2014,13605.231000000002
KNA,2015,14124.686
KNA,2016,14685.573
KNA,2017,15270.68
KNA,2018,15878.082
KOR,2012,23112.931
KOR,2013,25050.678999999996
KOR,2014,26491.075
KOR,2015,28091.56
KOR,2016,29848.538999999997
KOR,2017,31691.902000000002
KOR,2018,33644.115
KWT,2012,45824.134999999995
KWT,2013,44584.838
KWT,2014,43823.544
KWT,2015,43676.076
KWT,2016,43767.496999999996
KWT,2017,43919.385
KWT,2018,45119.761999999995
LAO,2012,1445.5339999999999
LAO,2013,1587.1509999999998
LAO,2014,1707.557
LAO,2015,1850.46
LAO,2016,2005.272
LAO,2017,2173.774
LAO,2018,2353.546
LBN,2012,10310.958999999999
LBN,2013,10793.473
LBN,2014,11348.314
LBN,2015,11888.384
LBN,2016,12453.703000000001
LBN,2017,13043.908
LBN,2018,13659.404999999999
LBR,2012,436.35400000000004
LBR,2013,480.92799999999994
LBR,2014,500.177
LBR,2015,559.241
LBR,2016,575.991
LBR,2017,601.5649999999999
LBR,2018,643.554
LBY,2012,12777.781
LBY,2013,14760.799
LBY,2014,15161.436
LBY,2015,15775.298
LBY,2016,16410.184
LBY,2017,16890.409
LBY,2018,17470.262000000002
LCA,2012,7276.086
LCA,2013,7620.748
LCA,2014,7992.731
LCA,2015,8337.464999999998
LCA,2016,8721.702000000001
LCA,2017,9112.945
LCA,2018,9569.965999999999
LKA,2012,2872.622
LKA,2013,3134.481
LKA,2014,3359.9170000000004
LKA,2015,3630.77
LKA,2016,3933.2479999999996
LKA,2017,4269.121000000001
LKA,2018,4633.091
LSO,2012,1282.6829999999998
LSO,2013,1372.3639999999998
LSO,2014,1462.6619999999998
LSO,2015,1570.901
LSO,2016,1687.3519999999999
LSO,2017,1812.1439999999998
LSO,2018,1958.8239999999998
LTU,2012,14018.356999999998
LTU,2013,15358.498
LTU,2014,16378.721000000001
LTU,2015,17410.816
LTU,2016,18519.128
LTU,2017,19872.280000000002
LTU,2018,21314.261000000002
LUX,2012,107206.369
LUX,2013,112135.31
LUX,2014,112403.931
LUX,2015,113112.613
LUX,2016,114408.46199999998
LUX,2017,115886.307
LUX,2018,117392.479
LVA,2013,15284.903
LVA,2014,16178.9
LVA,2015,17175.855
LVA,2016,18195.537
LVA,2017,19292.671
LVA,2018,20446.928000000004
MAR,2012,2998.886
MAR,2013,3260.3140000000003
MAR,2014,3446.008
MAR,2015,3654.5330000000004
MAR,2016,3887.032
MAR,2017,4176.084
MAR,2018,4490.272999999999
MDA,2013,2218.3070000000002
MDA,2014,2389.898
MDA,2015,2595.942
MDA,2016,2820.604
MDA,2017,3066.569
MDA,2018,3333.983
MDG,2012,451.48199999999997
MDG,2013,465.91799999999995
MDG,2014,479.564
MDG,2015,494.97499999999997
MDG,2016,534.4159999999999
MDG,2017,577.3569999999999
MDG,2018,622.7840000000001
MDV,2012,6674.669000000001
MDV,2013,7097.6500000000005
MDV,2014,7714.257
MDV,2015,8318.694000000001
MDV,2016,8944.735
MDV,2017,9632.765
MDV,2018,10318.805999999999
MEX,2013,10989.103000000001
MEX,2014,11408.102
MEX,2015,11877.972
MEX,2016,12392.934000000001
MEX,2017,12942.866999999998
MEX,2018,13579.565999999999
MHL,2012,3339.987
MHL,2013,3436.906
MHL,2014,3496.4970000000003
MHL,2015,3529.8160000000003
MHL,2016,3590.462
MHL,2017,3652.771
MHL,2018,3715.656
MKD,2012,4682.657
MKD,2013,5050.232
MKD,2014,5266.361000000001
MKD,2015,5567.24
MKD,2016,5915.509
MKD,2017,6257.704
MKD,2018,6625.115000000001
MLI,2012,631.3119999999999
MLI,2013,677.4689999999999
MLI,2014,711.16
MLI,2015,738.324
MLI,2016,761.531
MLI,2017,787.418
MLI,2018,812.887
MLT,2012,20852.405000000002
MLT,2013,22193.055
MLT,2014,22964.569
MLT,2015,23804.485000000004
MLT,2016,24743.908000000003
MLT,2017,25552.413
MLT,2018,26334.106
MMR,2012,834.6
MMR,2013,884.3299999999999
MMR,2014,939.141
MMR,2015,999.0930000000001
MMR,2016,1064.1709999999998
MMR,2017,1133.7160000000001
MMR,2018,1217.687
MNE,2012,6881.755
MNE,2013,7317.685
MNE,2014,7535.726000000001
MNE,2015,7745.595
MNE,2016,7979.031
MNE,2017,8213.638
MNE,2018,8449.731000000002
MNG,2012,3627.197
MNG,2013,4213.436999999999
MNG,2014,4795.996
MNG,2015,5276.303
MNG,2016,5926.732
MNG,2017,6572.282
MNG,2018,7397.977999999999
MOZ,2012,650.0980000000001
MOZ,2013,688.409
MOZ,2014,734.9369999999999
MOZ,2015,805.3519999999999
MOZ,2016,881.489
MOZ,2017,963.0459999999999
MOZ,2018,1052.9170000000001
MRT,2012,1157.399
MRT,2013,1223.922
MRT,2014,1237.6499999999999
MRT,2015,1524.3729999999998
MRT,2016,1601.099
MRT,2017,1702.001
MRT,2018,1755.419
MUS,2012,8850.168
MUS,2013,9306.572
MUS,2014,9799.877999999999
MUS,2015,10369.232000000002
MUS,2016,10977.282000000001
MUS,2017,11677.564999999999
MUS,2018,12430.798
MWI,2012,253.27599999999998
MWI,2013,223.02200000000002
MWI,2014,237.344
MWI,2015,251.845
MWI,2016,265.77
MWI,2017,278.869
MWI,2018,292.98599999999993
MYS,2013,10945.887999999999
MYS,2014,11594.332
MYS,2015,12305.178
MYS,2016,13034.148000000001
MYS,2017,13779.337
MYS,2018,14567.130000000001
NAM,2012,5705.067
NAM,2013,5919.971
NAM,2014,6186.746
NAM,2015,6475.657
NAM,2016,6774.968
NAM,2017,7074.083
NAM,2018,7396.292
NER,2012,408.33
NER,2013,440.41099999999994
NER,2014,459.46999999999997
NER,2015,475.173
NER,2016,491.93899999999996
NER,2017,518.314
NER,2018,545.2669999999999
NGA,2012,1630.986
NGA,2013,1676.0439999999999
NGA,2014,1748.439
NGA,2015,1828.4050000000002
NGA,2016,1923.279
NGA,2017,2031.774
NGA,2018,2149.237
NIC,2012,1756.524
NIC,2013,1833.26
NIC,2014,1921.825
NIC,2015,2006.816
NIC,2016,2099.132
NIC,2017,2196.067
NIC,2018,2297.858
NLD,2012,46142.385
NLD,2013,48091.345
NLD,2014,48782.990999999995
NLD,2015,49808.236
NLD,2016,50861.467
NLD,2017,52029.727999999996
NLD,2018,53295.736
NOR,2013,105478.03
NOR,2014,106134.35800000001
NOR,2015,107249.36
NOR,2016,108720.26
NOR,2017,110745.394
NOR,2018,113119.395
NPL,2012,626.168
NPL,2013,646.4689999999999
NPL,2014,693.1730000000001
NPL,2015,738.229
NPL,2016,784.524
NPL,2017,827.3369999999999
NPL,2018,867.314
NZL,2012,38221.761999999995
NZL,2013,40884.22099999999
NZL,2014,41792.623999999996
NZL,2015,42486.081
NZL,2016,43237.462
NZL,2017,43896.204
NZL,2018,44527.483
OMN,2012,24764.612999999998
OMN,2013,24729.051
OMN,2014,24272.384000000002
OMN,2015,24024.193
OMN,2016,24055.447000000004
OMN,2017,24303.951
OMN,2018,24741.528000000002
PAK,2012,1296.066
PAK,2013,1308.6319999999998
PAK,2014,1322.1689999999999
PAK,2015,1342.58
PAK,2016,1371.214
PAK,2017,1407.499
PAK,2018,1445.1689999999999
PAN,2012,9918.728000000001
PAN,2013,11149.664
PAN,2014,12038.751
PAN,2015,12886.755
PAN,2016,13726.629
PAN,2017,14606.366999999998
PAN,2018,15696.245
PER,2012,6530.333
PER,2013,7135.888
PER,2014,7819.622000000001
PER,2015,8543.555999999999
PER,2016,9357.791000000001
PER,2017,10258.721000000001
PER,2018,10718.119
PHL,2012,2614.156
PHL,2013,2918.1259999999997
PHL,2014,3169.0910000000003
PHL,2015,3395.869
PHL,2016,3641.194
PHL,2017,3908.549
PHL,2018,4190.594
PNG,2012,2312.643
PNG,2013,2491.1110000000003
PNG,2014,2690.362
PNG,2015,3497.944
PNG,2016,3523.3650000000002
PNG,2017,3553.276
PNG,2018,3580.082
POL,2013,13075.01
POL,2014,13728.172
POL,2015,14405.312
POL,2016,15130.338
POL,2017,15854.652
POL,2018,16646.654
PRT,2013,20689.329999999998
PRT,2014,20892.085000000003
PRT,2015,21285.903000000002
PRT,2016,21858.475000000002
PRT,2017,22461.023
PRT,2018,23109.110999999997
PRY,2012,3903.261
PRY,2013,4541.814
PRY,2014,4915.828
PRY,2015,5130.336
PRY,2016,5382.668000000001
PRY,2017,5686.071
PRY,2018,6057.013
QAT,2012,99731.10500000001
QAT,2013,98737.088
QAT,2014,98857.46299999999
QAT,2015,100904.503
QAT,2016,103981.721
QAT,2017,107099.43
QAT,2018,110558.715
ROU,2012,7934.9
ROU,2013,8775.368999999999
ROU,2014,9086.753
ROU,2015,9589.161
ROU,2016,10211.864999999998
ROU,2017,10957.189
ROU,2018,11790.444000000001
RUS,2013,15650.354
RUS,2014,16846.581000000002
RUS,2015,18112.925000000003
RUS,2016,19533.110999999997
RUS,2017,21131.628
RUS,2018,22906.338999999996
RWA,2012,693.033
RWA,2013,730.064
RWA,2014,780.4219999999999
RWA,2015,833.171
RWA,2016,890.53
RWA,2017,955.589
RWA,2018,1015.5740000000001
SAU,2012,25084.608
SAU,2013,25162.537
SAU,2014,25169.863
SAU,2015,25570.67
SAU,2016,26112.053
SAU,2017,26836.509
SAU,2018,27642.221
SDN,2012,1788.717
SDN,2013,1471.503
SDN,2014,1695.885
SDN,2015,1908.922
SDN,2016,2117.5570000000002
SDN,2017,2337.136
SDN,2018,2486.3190000000004
SEN,2012,1057.268
SEN,2013,1068.3539999999998
SEN,2014,1109.896
SEN,2015,1154.896
SEN,2016,1203.232
SEN,2017,1255.585
SEN,2018,1315.07
SGP,2012,51161.596999999994
SGP,2013,52178.874
SGP,2014,53014.420999999995
SGP,2015,53930.623999999996
SGP,2016,54922.022
SGP,2017,56031.459
SGP,2018,57133.640999999996
SLB,2012,1786.167
SLB,2013,1899.201
SLB,2014,1973.819
SLB,2015,2026.6509999999998
SLB,2016,2082.8230000000003
SLB,2017,2139.012
SLB,2018,2245.4150000000004
SLE,2012,613.4499999999999
SLE,2013,715.8249999999999
SLE,2014,807.577
SLE,2015,898.59
SLE,2016,926.156
SLE,2017,954.6519999999999
SLE,2018,984.2830000000001
SLV,2012,3823.492
SLV,2013,3935.3910000000005
SLV,2014,4077.347
SLV,2015,4233.326000000001
SLV,2016,4400.423
SLV,2017,4581.888
SLV,2018,4768.803
SRB,2012,4943.18
SRB,2013,5666.57
SRB,2014,5926.375
SRB,2015,6267.0650000000005
SRB,2016,6585.912
SRB,2017,6925.05
SRB,2018,7309.715
SSD,2012,1174.846
SSD,2013,1278.335
SSD,2014,1672.097
SSD,2015,1741.4560000000001
SSD,2016,1921.777
SSD,2017,2109.485
SSD,2018,2318.385
STP,2012,1535.214
STP,2013,1786.75
STP,2014,1963.733
STP,2015,2696.304
STP,2016,3955.7859999999996
STP,2017,4357.085
STP,2018,4413.6050000000005
SUR,2012,8685.805999999999
SUR,2013,9508.605
SUR,2014,10189.978
SUR,2015,10964.41
SUR,2016,11800.913
SUR,2017,12705.126
SUR,2018,13682.93
SVK,2013,18088.89
SVK,2014,18712.463000000003
SVK,2015,19478.785000000003
SVK,2016,20367.087000000003
SVK,2017,21317.08
SVK,2018,22304.449
SVN,2012,22192.545000000002
SVN,2013,22656.883
SVN,2014,23019.663
SVN,2015,23591.748000000003
SVN,2016,24241.198999999997
SVN,2017,24933.642
SVN,2018,25643.076
SWE,2013,60019.967
SWE,2014,62451.714
SWE,2015,65168.02
SWE,2016,67940.77100000001
SWE,2017,70854.238
SWE,2018,73870.438
SWZ,2012,3474.928
SWZ,2013,3489.641
SWZ,2014,3533.025
SWZ,2015,3546.51
SWZ,2016,3572.092
SWZ,2017,3600.18
SWZ,2018,4371.085
SYC,2012,11226.226
SYC,2013,12207.158
SYC,2014,12619.899
SYC,2015,13175.081
SYC,2016,13780.247000000001
SYC,2017,14387.652
SYC,2018,14968.929
SYR,2012,NA
SYR,2013,NA
SYR,2014,NA
SYR,2015,NA
SYR,2016,NA
SYR,2017,NA
SYR,2018,NA
TCD,2012,1006.122
TCD,2013,1093.686
TCD,2014,1197.506
TCD,2015,1272.501
TCD,2016,1255.008
TCD,2017,1257.231
TCD,2018,1238.386
TGO,2012,584.605
TGO,2013,634.7930000000001
TGO,2014,662.653
TGO,2015,694.039
TGO,2016,721.545
TGO,2017,749.994
TGO,2018,775.8269999999999
THA,2012,5678.476999999999
THA,2013,6571.905
THA,2014,7188.854
THA,2015,7664.304
THA,2016,8190.463
THA,2017,8722.243000000002
THA,2018,9284.105
TJK,2012,953.3149999999999
TJK,2013,1052.309
TJK,2014,1115.93
TJK,2015,1191.386
TJK,2016,1277.934
TJK,2017,1373.43
TJK,2018,1470.367
TKM,2012,5998.674
TKM,2013,7051.494
TKM,2014,8229.857999999998
TKM,2015,9516.554999999998
TKM,2016,11301.66
TKM,2017,13456.704000000002
TKM,2018,15834.302
TLS,2012,3730.089
TLS,2013,3703.735
TLS,2014,3707.988
TLS,2015,4169.662000000001
TLS,2016,4471.624000000001
TLS,2017,4737.649
TLS,2018,5044.652000000001
TON,2012,4561.411
TON,2013,4711.956999999999
TON,2014,4861.143
TON,2015,5021.094
TON,2016,5210.54
TON,2017,5437.275
TON,2018,5555.205
TTO,2012,19018.205
TTO,2013,20054.153
TTO,2014,21102.79
TTO,2015,22121.538
TTO,2016,23158.798000000003
TTO,2017,24255.712
TTO,2018,25484.453
TUN,2012,4232.068
TUN,2013,4532.991
TUN,2014,4620.042
TUN,2015,4800.849
TUN,2016,4940.615000000001
TUN,2017,5141.584
TUN,2018,5391.538
TUR,2012,10609.178
TUR,2013,11236.054999999998
TUR,2014,11498.501
TUR,2015,12131.096
TUR,2016,13105.099
TUR,2017,14157.154999999999
TUR,2018,15298.661
TUV,2012,3259.539
TUV,2013,3317.159
TUV,2014,3316.203
TUV,2015,3311.642
TUV,2016,3309.9750000000004
TUV,2017,3306.2659999999996
TUV,2018,3303.747
TWN,2013,21141.093
TWN,2014,22474.726000000002
TWN,2015,24109.755
TWN,2016,25933.164
TWN,2017,27832.827
TWN,2018,29951.972
TZA,2012,599.1880000000001
TZA,2013,663.1080000000001
TZA,2014,712.5219999999999
TZA,2015,749.3249999999999
TZA,2016,787.949
TZA,2017,828.234
TZA,2018,864.144
UGA,2012,589.156
UGA,2013,579.833
UGA,2014,596.7030000000001
UGA,2015,626.049
UGA,2016,657.48
UGA,2017,693.02
UGA,2018,734.8319999999999
UKR,2012,3877.281
UKR,2013,4015.285
UKR,2014,4342.624000000001
UKR,2015,4725.191000000001
UKR,2016,5155.4349999999995
UKR,2017,5607.946999999999
UKR,2018,6134.852000000001
URY,2012,14614.147
URY,2013,15253.537
URY,2014,15884.113000000001
URY,2015,16643.303
URY,2016,17533.545000000002
URY,2017,18438.346
URY,2018,19396.147
USA,2012,49922.113
USA,2013,51248.208
USA,2014,53327.977
USA,2015,55837.311
USA,2016,58436.312000000005
USA,2017,61133.844000000005
USA,2018,63676.098
UZB,2012,1737.492
UZB,2013,1895.315
UZB,2014,2030.212
UZB,2015,2175.504
UZB,2016,2331.195
UZB,2017,2486.2439999999997
UZB,2018,2651.605
VCT,2012,6489.249
VCT,2013,6675.761
VCT,2014,7001.687
VCT,2015,7407.113
VCT,2016,7877.28
VCT,2017,8318.574999999999
VCT,2018,8784.592
VEN,2012,12956.079
VEN,2013,11527.408
VEN,2014,10818.663
VEN,2015,11050.654
VEN,2016,11344.681
VEN,2017,11560.065999999999
VEN,2018,11844.908
VNM,2012,1527.536
VNM,2013,1704.8929999999998
VNM,2014,1843.878
VNM,2015,1965.1219999999998
VNM,2016,2132.2039999999997
VNM,2017,2295.924
VNM,2018,2473.715
VUT,2012,3124.8770000000004
VUT,2013,3239.318
VUT,2014,3374.736
VUT,2015,3533.446
VUT,2016,3699.62
VUT,2017,3873.609
VUT,2018,4055.781
WSM,2012,3727.123
WSM,2013,3729.129
WSM,2014,4057.678
WSM,2015,4238.724
WSM,2016,4423.548
WSM,2017,4617.854
WSM,2018,4820.736
YEM,2012,1376.957
YEM,2013,1461.068
YEM,2014,1507.187
YEM,2015,1546.276
YEM,2016,1587.668
YEM,2017,1638.3919999999998
YEM,2018,1699.6039999999998
ZAF,2012,7506.583
ZAF,2013,7256.976999999999
ZAF,2014,7488.809
ZAF,2015,7739.885
ZAF,2016,7990.543
ZAF,2017,8242.625
ZAF,2018,8510.268
ZMB,2012,1473.815
ZMB,2013,1617.8729999999998
ZMB,2014,1753.6329999999998
ZMB,2015,1893.6829999999998
ZMB,2016,2045.939
ZMB,2017,2203.304
ZMB,2018,2368.889
ZWE,2012,755.55
ZWE,2013,836.971
ZWE,2014,929.538
ZWE,2015,1023.7280000000001
ZWE,2016,1127.785
ZWE,2017,1241.939
ZWE,2018,1367.0929999999998
